Model,Accuracy,Precision,Recall,F1-Score,ROC-AUC
XGBoost,0.8364485981308412,0.8378947368421051,0.8364485981308412,0.8362734168360767,0.8716918508166653
Gradient Boosting,0.8177570093457944,0.8191228070175438,0.8177570093457944,0.8175618073316284,0.8802515503537427
AdaBoost,0.8177570093457944,0.8191228070175438,0.8177570093457944,0.8175618073316284,0.8802952222901563
Random Forest,0.8130841121495327,0.8130841121495327,0.8130841121495327,0.8130841121495327,0.8904271115381256
Naive Bayes,0.7990654205607477,0.8110465116279069,0.7990654205607477,0.7971116745673024,0.8102891082190584
Logistic Regression,0.794392523364486,0.7948045132511152,0.794392523364486,0.7943206640454347,0.8486767403266661
Decision Tree,0.7663551401869159,0.7678524374176549,0.7663551401869159,0.7660281640864165,0.766355140186916
KNN,0.705607476635514,0.7155677655677656,0.705607476635514,0.7021671416263502,0.7867062625556817
